unitid,name,admission_rate,sat_total_50,tuition_intl,room_board,cost_total
100654,Alabama A & M University,,,,,
100663,University of Alabama at Birmingham,,,,,
100706,University of Alabama in Huntsville,,,,,
100724,Alabama State University,,,,,
100751,The University of Alabama,,,,,
100830,Auburn University at Montgomery,,,,,
100858,Auburn University,,,,,
101189,Faulkner University,,,,,
101365,Herzing University-Birmingham,,,,,
101435,Huntingdon College,,,,,
101453,Heritage Christian University,,,,,
101480,Jacksonville State University,,,,,
101587,University of West Alabama,,,,,
101648,Marion Military Institute,,,,,
101693,University of Mobile,,,,,
101709,University of Montevallo,,,,,
101879,University of North Alabama,,,,,
101912,Oakwood University,,,,,
102049,Samford University,,,,,
102094,University of South Alabama,,,,,
102234,Spring Hill College,,,,,
102270,Stillman College,,,,,
102298,Talladega College,,,,,
102368,Troy University,,,,,
102377,Tuskegee University,,,,,
102395,United States Sports University,,,,,
102632,University of Alaska Southeast,,,,,
102669,Alaska Pacific University,,,,,
104151,Arizona State University Campus Immersion,,,,,
104179,University of Arizona,,,,,
104586,Embry-Riddle Aeronautical University-Prescott,,,,,
104717,Grand Canyon University,,,,,
105330,Northern Arizona University,,,,,
105589,Prescott College,,,,,
105899,Arizona Christian University,,,,,
106245,University of Arkansas at Little Rock,,,,,
106342,Lyon College,,,,,
106397,University of Arkansas,,,,,
106412,University of Arkansas at Pine Bluff,,,,,
106458,Arkansas State University,,,,,
106467,Arkansas Tech University,,,,,
106546,Baptist Health College Little Rock,,,,,
106704,University of Central Arkansas,,,,,
106713,Central Baptist College,,,,,
107044,Harding University,,,,,
107080,Hendrix College,,,,,
107141,John Brown University,,,,,
107512,Ouachita Baptist University,,,,,
107558,University of the Ozarks,,,,,
107585,University of Arkansas Community College-Morrilton,,,,,
107877,Williams Baptist University,,,,,
107983,Southern Arkansas University Main Campus,,,,,
108092,University of Arkansas-Fort Smith,,,,,
108852,American Academy of Dramatic Arts-Los Angeles,,,,,
108861,Berkeley School of Theology,,,,,
109651,Art Center College of Design,,,,,
109785,Azusa Pacific University,,,,,
110097,Biola University,,,,,
110361,California Baptist University,,,,,
110370,California College of the Arts,,,,,
110404,California Institute of Technology,,,,,
110413,California Lutheran University,,,,,
110422,California Polytechnic State University-San Luis Obispo,,,,,
110468,Alliant International University-San Diego,,,,,
110486,California State University-Bakersfield,,,,,
110495,California State University-Stanislaus,,,,,
110510,California State University-San Bernardino,,,,,
110529,California State Polytechnic University-Pomona,,,,,
110538,California State University-Chico,,,,,
110547,California State University-Dominguez Hills,,,,,
110556,California State University-Fresno,,,,,
110565,California State University-Fullerton,,,,,
110574,California State University-East Bay,,,,,
110583,California State University-Long Beach,,,,,
110592,California State University-Los Angeles,,,,,
110608,California State University-Northridge,,,,,
110617,California State University-Sacramento,,,,,
110635,University of California-Berkeley,,,,,
110644,University of California-Davis,,,,,
110653,University of California-Irvine,,,,,
110662,University of California-Los Angeles,,,,,
110671,University of California-Riverside,,,,,
110680,University of California-San Diego,,,,,
110705,University of California-Santa Barbara,,,,,
110714,University of California-Santa Cruz,,,,,
111081,California Institute of the Arts,,,,,
111188,California State University Maritime Academy,,,,,
111638,Casa Loma College-Los Angeles,,,,,
111948,Chapman University,,,,,
111966,Charles R Drew University of Medicine and Science,,,,,
112075,Concordia University-Irvine,,,,,
112084,San Diego Christian College,,,,,
112260,Claremont McKenna College,,,,,
112394,University of Silicon Valley,,,,,
113582,Design Institute of San Diego,,,,,
113616,DHARMA REALM BUDDHIST UNIVERSITY,,,,,
113698,Dominican University of California,,,,,
114813,Fresno Pacific University,,,,,
115409,Harvey Mudd College,,,,,
115755,California State Polytechnic University-Humboldt,,,,,
117104,Life Pacific University,,,,,
117140,University of La Verne,,,,,
117168,Laguna College of Art and Design,,,,,
117283,Latin American Bible Institute,,,,,
117627,La Sierra University,,,,,
117751,The Master's University and Seminary,,,,,
117946,Loyola Marymount University,,,,,
118198,MTI College,,,,,
118693,Menlo College,,,,,
118888,Northeastern University Oakland,,,,,
119173,Mount Saint Mary's University,,,,,
119270,Musicians Institute,,,,,
119775,Newschool of Architecture and Design,,,,,
120166,San Francisco Bay University,,,,,
120254,Occidental College,,,,,
120403,Otis College of Art and Design,,,,,
120537,Hope International University,,,,,
120661,Concorde Career College-San Diego,,,,,
120768,Pacific Oaks College,,,,,
120865,Pacific Union College,,,,,
120883,University of the Pacific,,,,,
121150,Pepperdine University,,,,,
121257,Pitzer College,,,,,
121309,Point Loma Nazarene University,,,,,
121345,Pomona College,,,,,
121691,University of Redlands,,,,,
122409,San Diego State University,,,,,
122436,University of San Diego,,,,,
122506,San Francisco Conservatory of Music,,,,,
122597,San Francisco State University,,,,,
122612,University of San Francisco,,,,,
122728,William Jessup University,,,,,
122755,San Jose State University,,,,,
122931,Santa Clara University,,,,,
123165,Scripps College,,,,,
123280,Shasta Bible College and Graduate School,,,,,
123457,Simpson University,,,,,
123554,Saint Mary's College of California,,,,,
123572,Sonoma State University,,,,,
123651,Vanguard University of Southern California,,,,,
123679,Concorde Career College-Garden Grove,,,,,
123952,Southern California Institute of Architecture,,,,,
123961,University of Southern California,,,,,
124292,Thomas Aquinas College,,,,,
124706,Concorde Career College-San Bernardino,,,,,
124937,Concorde Career College-North Hollywood,,,,,
125727,Westmont College,,,,,
125763,Whittier College,,,,,
125897,Woodbury University,,,,,
126076,Yeshiva Ohr Elchonon Chabad West Coast Talmudical Seminary,,,,,
126562,University of Colorado Denver/Anschutz Medical Campus,,,,,
126580,University of Colorado Colorado Springs,,,,,
126614,University of Colorado Boulder,,,,,
126678,Colorado College,,,,,
126687,Concorde Career College-Aurora,,,,,
126775,Colorado School of Mines,,,,,
126784,Colorado School of Trades,,,,,
126818,Colorado State University-Fort Collins,,,,,
127060,University of Denver,,,,,
127185,Fort Lewis College,,,,,
127556,Colorado Mesa University,,,,,
127565,Metropolitan State University of Denver,,,,,
127653,Naropa University,,,,,
127741,University of Northern Colorado,,,,,
127918,Regis University,,,,,
127954,Montessori Education Center of the Rockies,,,,,
128106,Colorado State University Pueblo,,,,,
128328,United States Air Force Academy,,,,,
128391,Western Colorado University,,,,,
128498,Albertus Magnus College,,,,,
128586,Bais Binyomin Academy,,,,,
128744,University of Bridgeport,,,,,
128771,Central Connecticut State University,,,,,
128902,Connecticut College,,,,,
129020,University of Connecticut,,,,,
129215,Eastern Connecticut State University,,,,,
129242,Fairfield University,,,,,
129525,University of Hartford,,,,,
129774,Mitchell College,,,,,
129941,University of New Haven,,,,,
130226,Quinnipiac University,,,,,
130253,Sacred Heart University,,,,,
130314,University of Saint Joseph,,,,,
130493,Southern Connecticut State University,,,,,
130590,Trinity College,,,,,
130624,United States Coast Guard Academy,,,,,
130697,Wesleyan University,,,,,
130776,Western Connecticut State University,,,,,
130794,Yale University,,,,,
130934,Delaware State University,,,,,
130943,University of Delaware,,,,,
130989,Goldey-Beacom College,,,,,
131159,American University,,,,,
131283,The Catholic University of America,,,,,
131450,Gallaudet University,,,,,
131469,George Washington University,,,,,
131496,Georgetown University,,,,,
131520,Howard University,,,,,
131830,National Conservatory of Dramatic Arts,,,,,
131876,Trinity Washington University,,,,,
132408,Baptist University of Florida,,,,,
132471,Barry University,,,,,
132602,Bethune-Cookman University,,,,,
132657,Lynn University,,,,,
132842,Albizu University-Miami,,,,,
132903,University of Central Florida,,,,,
133492,Eckerd College,,,,,
133526,Edward Waters University,,,,,
133553,Embry-Riddle Aeronautical University-Daytona Beach,,,,,
133650,Florida Agricultural and Mechanical University,,,,,
133669,Florida Atlantic University,,,,,
133711,Flagler College,,,,,
133809,Florida College,,,,,
133845,Concorde Career Institute-Jacksonville,,,,,
133854,Concorde Career Institute-Miramar,,,,,
133863,Concorde Career Institute-Tampa,,,,,
133881,Florida Institute of Technology,,,,,
133951,Florida International University,,,,,
133979,Florida Memorial University,,,,,
134079,Florida Southern College,,,,,
134097,Florida State University,,,,,
134130,University of Florida,,,,,
134945,Jacksonville University,,,,,
135081,Keiser University-Ft Lauderdale,,,,,
135364,Luther Rice College & Seminary,,,,,
135726,University of Miami,,,,,
136172,University of North Florida,,,,,
136215,Nova Southeastern University,,,,,
136330,Palm Beach Atlantic University,,,,,
136774,Ringling College of Art and Design,,,,,
136950,Rollins College,,,,,
137032,Saint Leo University,,,,,
137272,St. John Vianney College Seminary,,,,,
137351,University of South Florida,,,,,
137476,St. Thomas University,,,,,
137546,Stetson University,,,,,
137564,Southeastern University,,,,,
137847,The University of Tampa,,,,,
137953,Trinity Baptist College,,,,,
137962,Trinity College of Florida,,,,,
138275,Warner University,,,,,
138293,Webber International University,,,,,
138354,University of West Florida,,,,,
138558,Abraham Baldwin Agricultural College,,,,,
138600,Agnes Scott College,,,,,
138761,Andrew College,,,,,
138868,Point University,,,,,
138947,Clark Atlanta University,,,,,
139144,Berry College,,,,,
139199,Brenau University,,,,,
139205,Brewton-Parker College,,,,,
139250,College of Coastal Georgia,,,,,
139311,Clayton  State University,,,,,
139366,Columbus State University,,,,,
139393,Covenant College,,,,,
139630,Emmanuel University,,,,,
139658,Emory University,,,,,
139719,Fort Valley State University,,,,,
139755,Georgia Institute of Technology-Main Campus,,,,,
139764,Georgia Southwestern State University,,,,,
139861,Georgia College & State University,,,,,
139931,Georgia Southern University,,,,,
139940,Georgia State University,,,,,
139959,University of Georgia,,,,,
139968,Gordon State College,,,,,
140234,LaGrange College,,,,,
140252,Life University,,,,,
140340,Herzing University-Atlanta,,,,,
140447,Mercer University,,,,,
140553,Morehouse College,,,,,
140696,Oglethorpe University,,,,,
140720,Paine College,,,,,
140818,Piedmont University,,,,,
140872,Reinhardt University,,,,,
140951,Savannah College of Art and Design,,,,,
140988,Shorter University,,,,,
141060,Spelman College,,,,,
141167,Thomas University,,,,,
141185,Toccoa Falls College,,,,,
141237,Truett McConnell University,,,,,
141264,Valdosta State University,,,,,
141325,Wesleyan College,,,,,
141334,University of West Georgia,,,,,
141361,Young Harris College,,,,,
141486,Chaminade University of Honolulu,,,,,
141565,University of Hawaii at Hilo,,,,,
141574,University of Hawaii at Manoa,,,,,
141644,Hawaii Pacific University,,,,,
141981,University of Hawaii-West Oahu,,,,,
142090,Boise Bible College,,,,,
142115,Boise State University,,,,,
142285,University of Idaho,,,,,
142294,The College of Idaho,,,,,
142328,Lewis-Clark State College,,,,,
142461,Northwest Nazarene University,,,,,
142522,Brigham Young University-Idaho,,,,,
142957,American Islamic College,,,,,
143048,School of the Art Institute of Chicago,,,,,
143084,Augustana College,,,,,
143118,Aurora University,,,,,
143288,Blackburn College,,,,,
143358,Bradley University,,,,,
143978,The Chicago School at Chicago,,,,,
144005,Chicago State University,,,,,
144050,University of Chicago,,,,,
144281,Columbia College Chicago,,,,,
144351,Concordia University-Chicago,,,,,
144740,DePaul University,,,,,
144892,Eastern Illinois University,,,,,
144962,Elmhurst University,,,,,
144971,Eureka College,,,,,
145239,Fox College,,,,,
145336,Governors State University,,,,,
145354,Graham Hospital School of Nursing,,,,,
145372,Greenville University,,,,,
145497,Hebrew Theological College,,,,,
145600,University of Illinois Chicago,,,,,
145619,Benedictine University,,,,,
145637,University of Illinois Urbana-Champaign,,,,,
145646,Illinois Wesleyan University,,,,,
145691,Illinois College,,,,,
145725,Illinois Institute of Technology,,,,,
145813,Illinois State University,,,,,
146339,Judson University,,,,,
146427,Knox College,,,,,
146481,Lake Forest College,,,,,
146612,Lewis University,,,,,
146719,Loyola University Chicago,,,,,
147013,McKendree University,,,,,
147129,Methodist College,,,,,
147244,Millikin University,,,,,
147341,Monmouth College,,,,,
147369,Moody Bible Institute,,,,,
147536,National Louis University,,,,,
147660,North Central College,,,,,
147679,North Park University,,,,,
147703,Northern Illinois University,,,,,
147767,Northwestern University,,,,,
147776,Northeastern Illinois University,,,,,
147828,Olivet Nazarene University,,,,,
148131,Quincy University,,,,,
148405,Rockford University,,,,,
148487,Roosevelt University,,,,,
148496,Dominican University,,,,,
148584,University of St Francis,,,,,
148627,Saint Xavier University,,,,,
148654,University of Illinois Springfield,,,,,
149222,Southern Illinois University-Carbondale,,,,,
149231,Southern Illinois University Edwardsville,,,,,
149310,Taylor Business Institute,,,,,
149329,Telshe Yeshiva-Chicago,,,,,
149505,Trinity Christian College,,,,,
149514,Trinity International University-Illinois,,,,,
149639,VanderCook College of Music,,,,,
149772,Western Illinois University,,,,,
149781,Wheaton College,,,,,
150066,Anderson University,,,,,
150136,Ball State University,,,,,
150145,Bethel University,,,,,
150163,Butler University,,,,,
150400,DePauw University,,,,,
150455,Earlham College,,,,,
150534,University of Evansville,,,,,
150604,Franklin College,,,,,
150668,Goshen College,,,,,
150677,Grace College and Theological Seminary,,,,,
150756,Hanover College,,,,,
150774,Holy Cross College,,,,,
150941,Huntington University,,,,,
151102,Purdue University Fort Wayne,,,,,
151111,Indiana University-Indianapolis,,,,,
151263,University of Indianapolis,,,,,
151290,Indiana Institute of Technology,,,,,
151306,University of Southern Indiana,,,,,
151324,Indiana State University,,,,,
151333,Indiana University-Kokomo,,,,,
151342,Indiana University-South Bend,,,,,
151351,Indiana University-Bloomington,,,,,
151360,Indiana University-Northwest,,,,,
151379,Indiana University-Southeast,,,,,
151388,Indiana University-East,,,,,
151467,International Business College-Indianapolis,,,,,
151777,Manchester University,,,,,
151786,Marian University,,,,,
151801,Indiana Wesleyan University-Marion,,,,,
152080,University of Notre Dame,,,,,
152099,Oakland City University,,,,,
152318,Rose-Hulman Institute of Technology,,,,,
152336,University of Saint Francis-Fort Wayne,,,,,
152381,Saint Mary-of-the-Woods College,,,,,
152390,Saint Mary's College,,,,,
152497,Saint Elizabeth School of Nursing,,,,,
152530,Taylor University,,,,,
152567,Trine University,,,,,
152600,Valparaiso University,,,,,
152673,Wabash College,,,,,
153001,Buena Vista University,,,,,
153108,Central College,,,,,
153126,Clarke University,,,,,
153144,Coe College,,,,,
153162,Cornell College,,,,,
153250,Dordt University,,,,,
153269,Drake University,,,,,
153278,University of Dubuque,,,,,
153302,Emmaus Bible College,,,,,
153320,Faith Baptist Bible College and Theological Seminary,,,,,
153366,Graceland University-Lamoni,,,,,
153375,Grand View University,,,,,
153384,Grinnell College,,,,,
153603,Iowa State University,,,,,
153658,University of Iowa,,,,,
153825,Loras College,,,,,
153834,Luther College,,,,,
153861,Maharishi International University,,,,,
153977,Mercy College of Health Sciences,,,,,
154004,Morningside University,,,,,
154013,Mount Mercy University,,,,,
154095,University of Northern Iowa,,,,,
154101,Northwestern College,,,,,
154235,Saint Ambrose University,,,,,
154262,St Luke's College,,,,,
154350,Simpson College,,,,,
154493,Upper Iowa University,,,,,
154518,Waldorf University,,,,,
154527,Wartburg College,,,,,
154590,William Penn University,,,,,
154688,Baker University,,,,,
154712,Benedictine College,,,,,
154721,Bethany College,,,,,
154749,Bethel College-North Newton,,,,,
154855,Central Christian College of Kansas,,,,,
155025,Emporia State University,,,,,
155061,Fort Hays State University,,,,,
155070,Barclay College,,,,,
155089,Friends University,,,,,
155140,Haskell Indian Nations University,,,,,
155283,Concorde Career College-Kansas City,,,,,
155317,University of Kansas,,,,,
155335,Newman University,,,,,
155399,Kansas State University,,,,,
155414,Kansas Wesleyan University,,,,,
155496,Manhattan Christian College,,,,,
155511,McPherson College,,,,,
155520,MidAmerica Nazarene University,,,,,
155627,Ottawa University-Ottawa,,,,,
155681,Pittsburg State University,,,,,
155812,University of Saint Mary,,,,,
155900,Southwestern College,,,,,
155937,Sterling College,,,,,
155973,Tabor College,,,,,
156125,Wichita State University,,,,,
156189,Alice Lloyd College,,,,,
156213,Asbury University,,,,,
156286,Bellarmine University,,,,,
156295,Berea College,,,,,
156356,Brescia University,,,,,
156365,Campbellsville University,,,,,
156408,Centre College,,,,,
156541,University of the Cumberlands,,,,,
156620,Eastern Kentucky University,,,,,
156745,Georgetown College,,,,,
156967,Summit Salon Academy-Lexington,,,,,
157030,Kentucky Mountain Bible College,,,,,
157058,Kentucky State University,,,,,
157076,Kentucky Wesleyan College,,,,,
157085,University of Kentucky,,,,,
157100,Kentucky Christian University,,,,,
157289,University of Louisville,,,,,
157377,Midway University,,,,,
157386,Morehead State University,,,,,
157401,Murray State University,,,,,
157447,Northern Kentucky University,,,,,
157748,The Southern Baptist Theological Seminary,,,,,
157757,Spalding University,,,,,
157809,Thomas More University,,,,,
157818,Transylvania University,,,,,
157863,Union Commonwealth University,,,,,
157951,Western Kentucky University,,,,,
158477,Centenary College of Louisiana,,,,,
158802,Dillard University,,,,,
159009,Grambling State University,,,,,
159382,Louisiana State University-Alexandria,,,,,
159391,Louisiana State University and Agricultural & Mechanical College,,,,,
159416,Louisiana State University-Shreveport,,,,,
159568,Louisiana Christian University,,,,,
159647,Louisiana Tech University,,,,,
159656,Loyola University New Orleans,,,,,
159717,McNeese State University,,,,,
159939,University of New Orleans,,,,,
159966,Nicholls State University,,,,,
159993,University of Louisiana at Monroe,,,,,
160038,Northwestern State University of Louisiana,,,,,
160065,University of Holy Cross,,,,,
160074,Franciscan Missionaries of Our Lady University,,,,,
160612,Southeastern Louisiana University,,,,,
160621,Southern University and A & M College,,,,,
160630,Southern University at New Orleans,,,,,
160658,University of Louisiana at Lafayette,,,,,
160755,Tulane University of Louisiana,,,,,
160904,Xavier University of Louisiana,,,,,
160959,College of the Atlantic,,,,,
160977,Bates College,,,,,
161004,Bowdoin College,,,,,
161022,Maine College of Health Professions,,,,,
161086,Colby College,,,,,
161226,University of Maine at Farmington,,,,,
161235,University of Maine at Fort Kent,,,,,
161253,University of Maine,,,,,
161299,Maine Maritime Academy,,,,,
161341,University of Maine at Presque Isle,,,,,
161457,University of New England,,,,,
161509,Maine College of Art & Design,,,,,
161518,Saint Joseph's College of Maine,,,,,
161554,University of Southern Maine,,,,,
161563,Thomas College,,,,,
161873,University of Baltimore,,,,,
162007,Bowie State University,,,,,
162061,Capitol Technology University,,,,,
162210,Washington Adventist University,,,,,
162283,Coppin State University,,,,,
162584,Frostburg State University,,,,,
162654,Goucher College,,,,,
162760,Hood College,,,,,
162928,Johns Hopkins University,,,,,
163046,Loyola University Maryland,,,,,
163268,University of Maryland-Baltimore County,,,,,
163286,University of Maryland-College Park,,,,,
163295,Maryland Institute College of Art,,,,,
163338,University of Maryland Eastern Shore,,,,,
163453,Morgan State University,,,,,
163462,Mount St. Mary's University,,,,,
163532,Ner Israel Rabbinical College,,,,,
163578,Notre Dame of Maryland University,,,,,
163851,Salisbury University,,,,,
163912,St. Mary's College of Maryland,,,,,
163976,St. John's College,,,,,
164076,Towson University,,,,,
164155,United States Naval Academy,,,,,
164173,Stevenson University,,,,,
164216,Washington College,,,,,
164270,McDaniel College,,,,,
164368,Hult International Business School,,,,,
164447,American International College,,,,,
164465,Amherst College,,,,,
164492,Anna Maria College,,,,,
164535,Assabet Valley Regional Technical School,,,,,
164562,Assumption University,,,,,
164580,Babson College,,,,,
164614,Boston Baptist College,,,,,
164632,Bay Path University,,,,,
164739,Bentley University,,,,,
164748,Berklee College of Music,,,,,
164924,Boston College,,,,,
164988,Boston University,,,,,
165015,Brandeis University,,,,,
165024,Bridgewater State University,,,,,
165060,Signature Healthcare Brockton Hospital School of Nursing,,,,,
165264,Laboure College of Healthcare,,,,,
165334,Clark University,,,,,
165529,Curry College,,,,,
165574,Dean College,,,,,
165608,Diman Regional Technical Institute,,,,,
165662,Emerson College,,,,,
165671,Emmanuel College,,,,,
165699,Endicott College,,,,,
165802,Fisher College,,,,,
165820,Fitchburg State University,,,,,
165866,Framingham State University,,,,,
165936,Gordon College,,,,,
166018,Hampshire College,,,,,
166027,Harvard University,,,,,
166054,Hellenic College-Holy Cross Greek Orthodox School of Theology,,,,,
166124,College of the Holy Cross,,,,,
166391,Lasell University,,,,,
166452,Lesley University,,,,,
166513,University of Massachusetts-Lowell,,,,,
166629,University of Massachusetts-Amherst,,,,,
166638,University of Massachusetts-Boston,,,,,
166656,MCPHS University,,,,,
166674,Massachusetts College of Art and Design,,,,,
166683,Massachusetts Institute of Technology,,,,,
166692,Massachusetts Maritime Academy,,,,,
166850,Merrimack College,,,,,
166939,Mount Holyoke College,,,,,
167057,The New England Conservatory of Music,,,,,
167260,Nichols College,,,,,
167288,Massachusetts College of Liberal Arts,,,,,
167358,Northeastern University,,,,,
167394,College of Our Lady of the Elms,,,,,
167598,Regis College,,,,,
167729,Salem State University,,,,,
167783,Simmons University,,,,,
167792,Bard College at Simon's Rock,,,,,
167835,Smith College,,,,,
167871,Southeastern Technical Institute,,,,,
167899,Springfield College,,,,,
167987,University of Massachusetts-Dartmouth,,,,,
167996,Stonehill College,,,,,
168005,Suffolk University,,,,,
168148,Tufts University,,,,,
168218,Wellesley College,,,,,
168227,Wentworth Institute of Technology,,,,,
168254,Western New England University,,,,,
168263,Westfield State University,,,,,
168281,Wheaton College (Massachusetts),,,,,
168342,Williams College,,,,,
168421,Worcester Polytechnic Institute,,,,,
168430,Worcester State University,,,,,
168528,Adrian College,,,,,
168546,Albion College,,,,,
168591,Alma College,,,,,
168740,Andrews University,,,,,
168786,Aquinas College,,,,,
168847,Baker College,,,,,
169080,Calvin University,,,,,
169248,Central Michigan University,,,,,
169327,Cleary University,,,,,
169363,Concordia University Ann Arbor,,,,,
169442,College for Creative Studies,,,,,
169479,Davenport University,,,,,
169576,Detroit Business Institute-Downriver,,,,,
169716,University of Detroit Mercy,,,,,
169798,Eastern Michigan University,,,,,
169910,Ferris State University,,,,,
169983,Kettering University,,,,,
170000,Grace Christian University,,,,,
170037,Cornerstone University,,,,,
170082,Grand Valley State University,,,,,
170286,Hillsdale College,,,,,
170301,Hope College,,,,,
170532,Kalamazoo College,,,,,
170675,Lawrence Technological University,,,,,
170806,Madonna University,,,,,
170967,Rochester University,,,,,
170976,University of Michigan-Ann Arbor,,,,,
171100,Michigan State University,,,,,
171128,Michigan Technological University,,,,,
171137,University of Michigan-Dearborn,,,,,
171146,University of Michigan-Flint,,,,,
171456,Northern Michigan University,,,,,
171492,Northwood University,,,,,
171571,Oakland University,,,,,
171599,The University of Olivet,,,,,
171881,Kuyper College,,,,,
172033,Sacred Heart Major Seminary,,,,,
172051,Saginaw Valley State University,,,,,
172264,Siena Heights University,,,,,
172334,Spring Arbor University,,,,,
172644,Wayne State University,,,,,
172699,Western Michigan University,,,,,
173045,Augsburg University,,,,,
173124,Bemidji State University,,,,,
173142,Bethany Lutheran College,,,,,
173160,Bethel University,,,,,
173258,Carleton College,,,,,
173300,Concordia College at Moorhead,,,,,
173328,Concordia University-Saint Paul,,,,,
173452,Martin Luther College,,,,,
173647,Gustavus Adolphus College,,,,,
173665,Hamline University,,,,,
173902,Macalester College,,,,,
173920,Minnesota State University-Mankato,,,,,
173957,Mayo Clinic College of Medicine and Science,,,,,
174020,Metropolitan State University,,,,,
174066,University of Minnesota-Twin Cities,,,,,
174075,University of Minnesota-Crookston,,,,,
174127,Minneapolis College of Art and Design,,,,,
174154,Herzing University-Minneapolis,,,,,
174233,University of Minnesota-Duluth,,,,,
174251,University of Minnesota-Morris,,,,,
174358,Minnesota State University Moorhead,,,,,
174437,North Central University,,,,,
174491,University of Northwestern-St Paul,,,,,
174747,College of Saint Benedict,,,,,
174783,Saint Cloud State University,,,,,
174792,Saint Johns University,,,,,
174817,Saint Mary's University of Minnesota,,,,,
174844,St Olaf College,,,,,
174862,Crown College,,,,,
174899,The College of Saint Scholastica,,,,,
174914,University of St Thomas,,,,,
175005,St Catherine University,,,,,
175078,Southwest Minnesota State University,,,,,
175227,Dunwoody College of Technology,,,,,
175272,Winona State University,,,,,
175342,Alcorn State University,,,,,
175421,Belhaven University,,,,,
175430,Blue Mountain Christian University,,,,,
175616,Delta State University,,,,,
175856,Jackson State University,,,,,
175980,Millsaps College,,,,,
176017,University of Mississippi,,,,,
176035,Mississippi University for Women,,,,,
176044,Mississippi Valley State University,,,,,
176053,Mississippi College,,,,,
176080,Mississippi State University,,,,,
176318,Rust College,,,,,
176336,Southeastern Baptist College,,,,,
176372,University of Southern Mississippi,,,,,
176406,Tougaloo College,,,,,
176451,Wesley Biblical Seminary,,,,,
176479,William Carey University,,,,,
176628,Avila University,,,,,
176770,Cox College,,,,,
176789,Calvary University,,,,,
176947,Central Methodist University-College of Liberal Arts and Sciences,,,,,
176965,University of Central Missouri,,,,,
176983,Grand River Technical School,,,,,
177038,Cleveland University-Kansas City,,,,,
177083,Conception Seminary College,,,,,
177117,Cottey College,,,,,
177144,Culver-Stockton College,,,,,
177214,Drury University,,,,,
177339,Evangel University,,,,,
177542,Hannibal-LaGrange University,,,,,
177746,Kansas City Art Institute,,,,,
177931,Lex La-Ray Technical Center,,,,,
177968,Lindenwood University,,,,,
177986,Logan University,,,,,
178059,Maryville University of Saint Louis,,,,,
178183,Midwest Institute,,,,,
178208,Midwestern Baptist Theological Seminary,,,,,
178244,Missouri Baptist University,,,,,
178341,Missouri Southern State University,,,,,
178369,Missouri Valley College,,,,,
178396,University of Missouri-Columbia,,,,,
178402,University of Missouri-Kansas City,,,,,
178411,Missouri University of Science and Technology,,,,,
178420,University of Missouri-St Louis,,,,,
178615,Truman State University,,,,,
178624,Northwest Missouri State University,,,,,
178679,Ozark Christian College,,,,,
178697,College of the Ozarks,,,,,
178767,Stevens-The Institute of Business & Arts,,,,,
179043,Rockhurst University,,,,,
179159,Saint Louis University,,,,,
179265,University of Health Sciences and Pharmacy in St. Louis,,,,,
179326,Southwest Baptist University,,,,,
179548,Stephens College,,,,,
179557,Southeast Missouri State University,,,,,
179566,Missouri State University-Springfield,,,,,
179867,Washington University in St Louis,,,,,
179894,Webster University,,,,,
179946,Westminster College,,,,,
179955,William Jewell College,,,,,
179964,William Woods University,,,,,
180106,Carroll College,,,,,
180258,University of Providence,,,,,
180416,Montana Technological University,,,,,
180461,Montana State University,,,,,
180489,The University of Montana,,,,,
180595,Rocky Mountain College,,,,,
180692,The University of Montana-Western,,,,,
180832,Clarkson College,,,,,
180878,Bryan College of Health Sciences,,,,,
180984,Concordia University-Nebraska,,,,,
181002,Creighton University,,,,,
181020,Doane University,,,,,
181127,Hastings College,,,,,
181215,University of Nebraska at Kearney,,,,,
181297,Nebraska Methodist College of Nursing & Allied Health,,,,,
181330,Midland University,,,,,
181394,University of Nebraska at Omaha,,,,,
181446,Nebraska Wesleyan University,,,,,
181464,University of Nebraska-Lincoln,,,,,
181543,Summit Christian College,,,,,
181604,College of Saint Mary,,,,,
181738,Union Adventist University,,,,,
181853,York University,,,,,
182281,University of Nevada-Las Vegas,,,,,
182290,University of Nevada-Reno,,,,,
182634,Colby-Sawyer College,,,,,
182670,Dartmouth College,,,,,
182795,Franklin Pierce University,,,,,
182980,New England College,,,,,
183026,Southern New Hampshire University,,,,,
183044,University of New Hampshire-Main Campus,,,,,
183062,Keene State College,,,,,
183071,University of New Hampshire at Manchester,,,,,
183080,Plymouth State University,,,,,
183211,Rivier University,,,,,
183239,Saint Anselm College,,,,,
183822,Bloomfield College of Montclair State University,,,,,
183910,Caldwell University,,,,,
183974,Centenary University,,,,,
184348,Drew University,,,,,
184603,Fairleigh Dickinson University-Metropolitan Campus,,,,,
184694,Fairleigh Dickinson University-Florham Campus,,,,,
184773,Georgian Court University,,,,,
184782,Rowan University,,,,,
184968,Holy Name Medical Center-Sister Claire Tynan School of Nursing,,,,,
185129,New Jersey City University,,,,,
185262,Kean University,,,,,
185572,Monmouth University,,,,,
185590,Montclair State University,,,,,
185679,JFK Muhlenberg Harold B. and Dorothy A. Snyder Schools,,,,,
185828,New Jersey Institute of Technology,,,,,
186131,Princeton University,,,,,
186186,Rabbinical College of America,,,,,
186201,Ramapo College of New Jersey,,,,,
186283,Rider University,,,,,
186371,Rutgers University-Camden,,,,,
186380,Rutgers University-New Brunswick,,,,,
186399,Rutgers University-Newark,,,,,
186432,Saint Peter's University,,,,,
186584,Seton Hall University,,,,,
186618,Saint Elizabeth University,,,,,
186867,Stevens Institute of Technology,,,,,
186876,Stockton University,,,,,
186900,Talmudical Academy-New Jersey,,,,,
187134,The College of New Jersey,,,,,
187444,William Paterson University of New Jersey,,,,,
187648,Eastern New Mexico University-Main Campus,,,,,
187745,Institute of American Indian and Alaska Native Culture and Arts Development,,,,,
187912,New Mexico Military Institute,,,,,
187967,New Mexico Institute of Mining and Technology,,,,,
187985,University of New Mexico-Main Campus,,,,,
188030,New Mexico State University-Main Campus,,,,,
188429,Adelphi University,,,,,
188526,Albany College of Pharmacy and Health Sciences,,,,,
188641,Alfred University,,,,,
188669,The Ailey School,,,,,
188678,American Academy of Dramatic Arts-New York,,,,,
188854,American Musical and Dramatic Academy,,,,,
188915,Arnot Ogden Medical Center,,,,,
188942,Associated Beth Rivkah Schools,,,,,
189088,Bard College,,,,,
189097,Barnard College,,,,,
189273,Beth Hamedrash Shaarei Yosher Institute,,,,,
189705,Canisius University,,,,,
189857,Central Yeshiva Tomchei Tmimim Lubavitz,,,,,
190008,Circle in the Square Theatre School,,,,,
190044,Clarkson University,,,,,
190099,Colgate University,,,,,
190114,Metropolitan College of New York,,,,,
190150,Columbia University in the City of New York,,,,,
190372,The Cooper Union for the Advancement of Science and Art,,,,,
190415,Cornell University,,,,,
190451,Pomeroy College of Nursing at Crouse Hospital,,,,,
190503,Culinary Institute of America,,,,,
190512,CUNY Bernard M Baruch College,,,,,
190549,CUNY Brooklyn College,,,,,
190558,College of Staten Island CUNY,,,,,
190567,CUNY City College,,,,,
190576,CUNY Graduate School and University Center,,,,,
190594,CUNY Hunter College,,,,,
190600,CUNY John Jay College of Criminal Justice,,,,,
190637,CUNY Lehman College,,,,,
190646,CUNY Medgar Evers College,,,,,
190655,CUNY New York City College of Technology,,,,,
190664,CUNY Queens College,,,,,
190691,CUNY York College,,,,,
190707,CVPH Medical Center School of Radiologic Technology,,,,,
190716,D'Youville  University,,,,,
190725,Daemen University,,,,,
190752,Yeshiva of Far Rockaway Derech Ayson Rabbinical Seminary,,,,,
190761,Dominican University New York,,,,,
190956,Belanger School of Nursing,,,,,
190983,Elmira College,,,,,
191126,Fashion Institute of Technology,,,,,
191205,Five Towns College,,,,,
191241,Fordham University,,,,,
191515,Hamilton College,,,,,
191533,Hartwick College,,,,,
191597,Helene Fuld College of Nursing,,,,,
191621,Hilbert College,,,,,
191630,Hobart William Smith Colleges,,,,,
191649,Hofstra University,,,,,
191676,Houghton University,,,,,
191931,Iona University,,,,,
191968,Ithaca College,,,,,
192040,Jewish Theological Seminary of America,,,,,
192110,The Juilliard School,,,,,
192192,Keuka College,,,,,
192271,LIM College,,,,,
192323,Le Moyne College,,,,,
192448,Long Island University,,,,,
192624,Machzikei Hadath Rabbinical College,,,,,
192703,Manhattan University,,,,,
192712,Manhattan School of Music,,,,,
192749,Manhattanville University,,,,,
192785,Maria College of Albany,,,,,
192800,Marion S Whelan School of Nursing of Geneva General Hospital,,,,,
192819,Marist University,,,,,
192864,Marymount Manhattan College,,,,,
192961,St. Peter's Hospital College of Nursing,,,,,
193016,Mercy University,,,,,
193052,Mesivta Torah Vodaath Rabbinical Seminary,,,,,
193061,Mesivta of Eastern Parkway-Yeshiva Zichron Meilech,,,,,
193070,Mesivtha Tifereth Jerusalem of America,,,,,
193247,Mirrer Yeshiva Cent Institute,,,,,
193292,Molloy University,,,,,
193308,Monroe University,,,,,
193353,Mount Saint Mary College,,,,,
193399,University of Mount Saint Vincent,,,,,
193584,Nazareth University,,,,,
193609,Neighborhood Playhouse School of the Theater,,,,,
193654,The New School,,,,,
193751,Northeast College of Health Sciences,,,,,
193900,New York University,,,,,
193973,Niagara University,,,,,
194091,New York Institute of Technology,,,,,
194116,New York School of Interior Design,,,,,
194189,Ohr Hameir Theological Seminary,,,,,
194310,Pace University,,,,,
194392,Paul Smiths College of Arts and Science,,,,,
194499,Plaza College,,,,,
194569,Davis College,,,,,
194578,Pratt Institute-Main,,,,,
194657,Rabbinical Academy Mesivta Rabbi Chaim Berlin,,,,,
194693,Rabbinical College Beth Shraga,,,,,
194718,Rabbinical Seminary Mkor Chaim,,,,,
194736,Rabbinical College of Long Island,,,,,
194763,Rabbinical Seminary of America,,,,,
194824,Rensselaer Polytechnic Institute,,,,,
194958,Roberts Wesleyan University,,,,,
195003,Rochester Institute of Technology,,,,,
195030,University of Rochester,,,,,
195128,Russell Sage College,,,,,
195164,St Bonaventure University,,,,,
195191,St. Joseph's College of Nursing,,,,,
195216,St Lawrence University,,,,,
195243,St. Thomas Aquinas College,,,,,
195289,Samaritan Hospital School of Nursing,,,,,
195304,Sarah Lawrence College,,,,,
195474,Siena College,,,,,
195526,Skidmore College,,,,,
195544,St. Joseph's University-New York,,,,,
195702,Saint Elizabeth College of Nursing,,,,,
195720,St. John Fisher University,,,,,
195809,St. John's University-New York,,,,,
196006,SUNY College of Technology at Alfred,,,,,
196015,SUNY College of Technology at Canton,,,,,
196024,SUNY College of Technology at Delhi,,,,,
196033,SUNY College of Agriculture and Technology at Cobleskill,,,,,
196042,Farmingdale State College,,,,,
196051,SUNY Morrisville,,,,,
196060,University at Albany,,,,,
196079,Binghamton University,,,,,
196088,University at Buffalo,,,,,
196097,Stony Brook University,,,,,
196103,SUNY College of Environmental Science and Forestry,,,,,
196112,SUNY Polytechnic Institute,,,,,
196121,SUNY Brockport,,,,,
196130,SUNY Buffalo State University,,,,,
196149,State University of New York at Cortland,,,,,
196158,SUNY at Fredonia,,,,,
196167,SUNY College at Geneseo,,,,,
196176,State University of New York at New Paltz,,,,,
196185,SUNY Oneonta,,,,,
196194,State University of New York at Oswego,,,,,
196200,SUNY College at Potsdam,,,,,
196219,SUNY at Purchase College,,,,,
196237,SUNY Old Westbury,,,,,
196246,State University of New York at Plattsburgh,,,,,
196291,SUNY Maritime College,,,,,
196413,Syracuse University,,,,,
196431,Talmudical Seminary Oholei Torah,,,,,
196440,Talmudical Institute of Upstate New York,,,,,
196583,Torah Temimah Talmudical Seminary,,,,,
196592,Touro University,,,,,
196653,Trocaire College,,,,,
196866,Union College,,,,,
197027,United States Merchant Marine Academy,,,,,
197036,United States Military Academy,,,,,
197045,Utica University,,,,,
197133,Vassar College,,,,,
197142,Villa Maria College,,,,,
197151,School of Visual Arts,,,,,
197197,Wagner College,,,,,
197221,Webb Institute,,,,,
197285,The College of Westchester,,,,,
197647,Yeshiva Derech Chaim,,,,,
197692,Yeshivath Shaar Hatorah,,,,,
197708,Yeshiva University,,,,,
197744,Yeshivath Zichron Moshe,,,,,
197869,Appalachian State University,,,,,
197911,Barton College,,,,,
197984,Belmont Abbey College,,,,,
197993,Bennett College,,,,,
198066,Brevard College,,,,,
198109,Cabarrus College of Health Sciences,,,,,
198136,Campbell University,,,,,
198215,Catawba College,,,,,
198303,Chowan University,,,,,
198385,Davidson College,,,,,
198419,Duke University,,,,,
198464,East Carolina University,,,,,
198507,Elizabeth City State University,,,,,
198516,Elon University,,,,,
198543,Fayetteville State University,,,,,
198561,Gardner-Webb University,,,,,
198598,Greensboro College,,,,,
198613,Guilford College,,,,,
198695,High Point University,,,,,
198756,Johnson C Smith University,,,,,
198808,Lees-McRae College,,,,,
198835,Lenoir-Rhyne University,,,,,
198862,Livingstone College,,,,,
198871,Louisburg College,,,,,
198899,Mars Hill University,,,,,
198950,Meredith College,,,,,
198969,Methodist University,,,,,
199032,Montreat College,,,,,
199069,University of Mount Olive,,,,,
199102,North Carolina A & T State University,,,,,
199111,University of North Carolina Asheville,,,,,
199120,University of North Carolina at Chapel Hill,,,,,
199139,University of North Carolina at Charlotte,,,,,
199148,University of North Carolina at Greensboro,,,,,
199157,North Carolina Central University,,,,,
199184,University of North Carolina School of the Arts,,,,,
199193,North Carolina State University at Raleigh,,,,,
199209,North Carolina Wesleyan University,,,,,
199218,University of North Carolina Wilmington,,,,,
199272,William Peace University,,,,,
199281,University of North Carolina at Pembroke,,,,,
199306,Pfeiffer University,,,,,
199412,Queens University of Charlotte,,,,,
199458,Mid-Atlantic Christian University,,,,,
199582,Saint Augustine's University,,,,,
199607,Salem College,,,,,
199643,Shaw University,,,,,
199759,Southeastern Baptist Theological Seminary,,,,,
199847,Wake Forest University,,,,,
199865,Warren Wilson College,,,,,
199962,Wingate University,,,,,
199999,Winston-Salem State University,,,,,
200004,Western Carolina University,,,,,
200059,Dickinson State University,,,,,
200156,University of Jamestown,,,,,
200217,University of Mary,,,,,
200253,Minot State University,,,,,
200280,University of North Dakota,,,,,
200332,North Dakota State University-Main Campus,,,,,
200484,Trinity Bible College and Graduate School,,,,,
200572,Valley City State University,,,,,
200785,Herzing University-Akron,,,,,
200800,University of Akron Main Campus,,,,,
200846,University of Akron Wayne College,,,,,
201061,Art Academy of Cincinnati,,,,,
201104,Ashland University,,,,,
201177,Aultman College of Nursing and Health Sciences,,,,,
201195,Baldwin Wallace University,,,,,
201371,Bluffton University,,,,,
201441,Bowling Green State University-Main Campus,,,,,
201539,Canton City Schools Adult Career and Technical Education,,,,,
201548,Capital University,,,,,
201645,Case Western Reserve University,,,,,
201654,Cedarville University,,,,,
201690,Central State University,,,,,
201803,Choffin Career  and Technical Center,,,,,
201821,The Christ College of Nursing and Health Sciences,,,,,
201885,University of Cincinnati-Main Campus,,,,,
201964,Ohio Christian University,,,,,
202046,Cleveland Institute of Art,,,,,
202073,Cleveland Institute of Music,,,,,
202134,Cleveland State University,,,,,
202170,Columbus College of Art & Design,,,,,
202480,University of Dayton,,,,,
202514,Defiance College,,,,,
202523,Denison University,,,,,
202763,The University of Findlay,,,,,
202903,Gods Bible School and College,,,,,
202912,Good Samaritan College of Nursing and Health Science,,,,,
202985,Hannah E Mullins School of Practical Nursing,,,,,
203030,Adult and Community Education-Hudson,,,,,
203085,Heidelberg University,,,,,
203128,Hiram College,,,,,
203368,John Carroll University,,,,,
203386,Hondros College of Nursing,,,,,
203517,Kent State University at Kent,,,,,
203535,Kenyon College,,,,,
203544,Kettering College,,,,,
203580,Lake Erie College,,,,,
203757,Lourdes University,,,,,
203775,Malone University,,,,,
203845,Marietta College,,,,,
203960,Mercy College of Ohio,,,,,
204024,Miami University-Oxford,,,,,
204176,Mount Carmel College of Nursing,,,,,
204185,University of Mount Union,,,,,
204194,Mount Vernon Nazarene University,,,,,
204200,Mount St. Joseph University,,,,,
204264,Muskingum University,,,,,
204501,Oberlin College,,,,,
204617,Ohio Dominican University,,,,,
204635,Ohio Northern University,,,,,
204796,Ohio State University-Main Campus,,,,,
204857,Ohio University-Main Campus,,,,,
204893,Trinity Health System School of Nursing,,,,,
204909,Ohio Wesleyan University,,,,,
204936,Otterbein University,,,,,
205027,Pontifical College Josephinum,,,,,
205054,Professional Skills Institute,,,,,
205124,Rabbinical College Telshe,,,,,
205391,The Modern College of Design,,,,,
205957,Franciscan University of Steubenville,,,,,
206048,Tiffin University,,,,,
206084,University of Toledo,,,,,
206349,Ursuline College,,,,,
206437,Walsh University,,,,,
206491,Wilberforce University,,,,,
206507,Wilmington College,,,,,
206525,Wittenberg University,,,,,
206589,The College of Wooster,,,,,
206604,Wright State University-Main Campus,,,,,
206622,Xavier University,,,,,
206695,Youngstown State University,,,,,
206835,Oklahoma Wesleyan University,,,,,
206941,University of Central Oklahoma,,,,,
207041,East Central University,,,,,
207157,Randall University,,,,,
207263,Northeastern State University,,,,,
207306,Northwestern Oklahoma State University,,,,,
207324,Oklahoma Christian University,,,,,
207388,Oklahoma State University-Main Campus,,,,,
207403,Oklahoma Baptist University,,,,,
207458,Oklahoma City University,,,,,
207500,University of Oklahoma-Norman Campus,,,,,
207582,Oral Roberts University,,,,,
207722,University of Science and Arts of Oklahoma,,,,,
207847,Southeastern Oklahoma State University,,,,,
207971,University of Tulsa,,,,,
208479,Concorde Career College-Portland,,,,,
208512,Sumner College,,,,,
208646,Eastern Oregon University,,,,,
208725,New Hope Christian College-Eugene,,,,,
208822,George Fox University,,,,,
209056,Lewis & Clark College,,,,,
209065,Linfield University,,,,,
209241,Mount Angel Seminary,,,,,
209409,Bushnell University,,,,,
209506,Oregon Institute of Technology,,,,,
209542,Oregon State University,,,,,
209551,University of Oregon,,,,,
209603,Pacific Northwest College of Art,,,,,
209612,Pacific University,,,,,
209807,Portland State University,,,,,
209825,University of Portland,,,,,
209922,Reed College,,,,,
210146,Southern Oregon University,,,,,
210304,Warner Pacific University,,,,,
210331,Corban University,,,,,
210401,Willamette University,,,,,
210429,Western Oregon University,,,,,
210492,Bryn Athyn College of the New Church,,,,,
210571,Albright College,,,,,
210669,Allegheny College,,,,,
210739,DeSales University,,,,,
210775,Alvernia University,,,,,
211088,Arcadia University,,,,,
211273,Bryn Mawr College,,,,,
211291,Bucknell University,,,,,
211431,Carlow University,,,,,
211440,Carnegie Mellon University,,,,,
211468,Cedar Crest College,,,,,
211477,Central Penn College,,,,,
211556,Chatham University,,,,,
211583,Chestnut Hill College,,,,,
211635,Citizens School of Nursing,,,,,
211802,DLP Conemaugh Memorial Medical Center,,,,,
211893,Curtis Institute of Music,,,,,
211981,Delaware Valley University,,,,,
212009,Dickinson College,,,,,
212054,Drexel University,,,,,
212106,Duquesne University,,,,,
212115,East Stroudsburg University of Pennsylvania,,,,,
212133,Eastern University,,,,,
212197,Elizabethtown College,,,,,
212577,Franklin and Marshall College,,,,,
212601,Gannon University,,,,,
212674,Gettysburg College,,,,,
212805,Grove City College,,,,,
212832,Gwynedd Mercy University,,,,,
212911,Haverford College,,,,,
212984,Holy Family University,,,,,
213011,Immaculata University,,,,,
213020,Indiana University of Pennsylvania-Main Campus,,,,,
213163,UPMC Jameson School of Nursing,,,,,
213233,Johnson College,,,,,
213251,Juniata College,,,,,
213303,Keystone College,,,,,
213321,King's College,,,,,
213349,Kutztown University of Pennsylvania,,,,,
213358,La Roche University,,,,,
213367,La Salle University,,,,,
213385,Lafayette College,,,,,
213400,Lancaster Bible College,,,,,
213507,Lebanon Valley College,,,,,
213543,Lehigh University,,,,,
213598,Lincoln University,,,,,
213622,UPMC St. Margaret School of Nursing,,,,,
213668,Lycoming College,,,,,
213774,Manor College,,,,,
213826,Marywood University,,,,,
213914,Vet Tech Institute,,,,,
213987,Mercyhurst University,,,,,
213996,Messiah University,,,,,
214023,ASPIRA City College,,,,,
214041,Millersville University of Pennsylvania,,,,,
214069,Misericordia University,,,,,
214148,Moore College of Art and Design,,,,,
214157,Moravian University,,,,,
214166,Mount Aloysius College,,,,,
214175,Muhlenberg College,,,,,
214272,Neumann University,,,,,
214476,Heritage Valley Health System School of Nursing,,,,,
214528,Orleans Technical College,,,,,
214591,Pennsylvania State University-Penn State Erie-Behrend College,,,,,
214625,Pennsylvania State University-Penn State New Kensington,,,,,
214634,Pennsylvania State University-Penn State Shenango,,,,,
214643,Pennsylvania State University-Penn State Wilkes-Barre,,,,,
214652,Pennsylvania State University-Penn State Scranton,,,,,
214670,Pennsylvania State University-Penn State Lehigh Valley,,,,,
214689,Pennsylvania State University-Penn State Altoona,,,,,
214698,Pennsylvania State University-Penn State Beaver,,,,,
214704,Pennsylvania State University-Penn State Berks,,,,,
214713,Pennsylvania State University-Penn State Harrisburg,,,,,
214731,Pennsylvania State University-Penn State Brandywine,,,,,
214740,Pennsylvania State University-Penn State DuBois,,,,,
214759,Pennsylvania State University-Penn State Fayette- Eberly,,,,,
214768,Pennsylvania State University-Penn State Hazleton,,,,,
214777,Pennsylvania State University-Main Campus,,,,,
214786,Pennsylvania State University-Penn State Greater Allegheny,,,,,
214795,Pennsylvania State University-Penn State Mont Alto,,,,,
214801,Pennsylvania State University-Penn State Abington,,,,,
214810,Pennsylvania State University-Penn State Schuylkill,,,,,
214829,Pennsylvania State University-Penn State York,,,,,
214892,Penn Commercial Business/Technical School,,,,,
215053,Pennsylvania College of Art and Design,,,,,
215062,University of Pennsylvania,,,,,
215114,Cairn University-Langhorne,,,,,
215266,University of Pittsburgh-Bradford,,,,,
215275,University of Pittsburgh-Greensburg,,,,,
215284,University of Pittsburgh-Johnstown,,,,,
215293,University of Pittsburgh-Pittsburgh Campus,,,,,
215309,University of Pittsburgh-Titusville,,,,,
215442,Point Park University,,,,,
215594,Reading Hospital School of Health Sciences,,,,,
215637,Walnut Hill College,,,,,
215655,Robert Morris University,,,,,
215682,Rosedale Technical College,,,,,
215691,Rosemont College,,,,,
215743,Saint Francis University,,,,,
215770,Saint Joseph's University - Philadelphia,,,,,
215798,Saint Vincent College,,,,,
215929,University of Scranton,,,,,
215947,Seton Hill University,,,,,
215974,UPMC Shadyside School of Nursing,,,,,
215992,Laurel Technical Institute,,,,,
216010,Shippensburg University of Pennsylvania,,,,,
216038,Slippery Rock University of Pennsylvania,,,,,
216047,Saint Charles Borromeo Seminary-Overbrook,,,,,
216083,South Hills School of Business & Technology,,,,,
216278,Susquehanna University,,,,,
216287,Swarthmore College,,,,,
216296,Thaddeus Stevens College of Technology,,,,,
216311,Talmudical Yeshiva of Philadelphia,,,,,
216339,Temple University,,,,,
216357,Thiel College,,,,,
216366,Thomas Jefferson University,,,,,
216524,Ursinus College,,,,,
216542,University of Valley Forge,,,,,
216597,Villanova University,,,,,
216667,Washington & Jefferson College,,,,,
216694,Waynesburg University,,,,,
216764,West Chester University of Pennsylvania,,,,,
216773,Western Pennsylvania Hospital School of Nursing,,,,,
216807,Westminster College,,,,,
216852,Widener University,,,,,
216931,Wilkes University,,,,,
216940,Williamson College of the Trades,,,,,
217013,Wilson College,,,,,
217040,Yeshivath Beth Moshe,,,,,
217059,York College of Pennsylvania,,,,,
217156,Brown University,,,,,
217165,Bryant University,,,,,
217235,Johnson & Wales University-Providence,,,,,
217305,New England Institute of Technology,,,,,
217402,Providence College,,,,,
217420,Rhode Island College,,,,,
217484,University of Rhode Island,,,,,
217493,Rhode Island School of Design,,,,,
217518,Roger Williams University,,,,,
217536,Salve Regina University,,,,,
217624,Allen University,,,,,
217633,Anderson University,,,,,
217688,Charleston Southern University,,,,,
217721,Benedict College,,,,,
217776,Southern Wesleyan University,,,,,
217819,College of Charleston,,,,,
217864,Citadel Military College of South Carolina,,,,,
217873,Claflin University,,,,,
217882,Clemson University,,,,,
217907,Coker University,,,,,
217925,Columbia International University,,,,,
217934,Columbia College,,,,,
217961,Converse University,,,,,
217998,Erskine College,,,,,
218061,Francis Marion University,,,,,
218070,Furman University,,,,,
218229,Lander University,,,,,
218238,Limestone University,,,,,
218414,Newberry College,,,,,
218441,North Greenville University,,,,,
218539,Presbyterian College,,,,,
218645,University of South Carolina Aiken,,,,,
218654,University of South Carolina Beaufort,,,,,
218663,University of South Carolina-Columbia,,,,,
218672,University of South Carolina-Lancaster,,,,,
218681,University of South Carolina-Salkehatchie,,,,,
218690,University of South Carolina-Sumter,,,,,
218706,University of South Carolina-Union,,,,,
218724,Coastal Carolina University,,,,,
218733,South Carolina State University,,,,,
218742,University of South Carolina-Upstate,,,,,
218821,Spartanburg Methodist College,,,,,
218964,Winthrop University,,,,,
218973,Wofford College,,,,,
219000,Augustana University,,,,,
219046,Black Hills State University,,,,,
219082,Dakota State University,,,,,
219091,Dakota Wesleyan University,,,,,
219198,Mount Marty University,,,,,
219240,Kairos University,,,,,
219259,Northern State University,,,,,
219347,South Dakota School of Mines and Technology,,,,,
219356,South Dakota State University,,,,,
219383,University of Sioux Falls,,,,,
219471,University of South Dakota,,,,,
219602,Austin Peay State University,,,,,
219639,Baptist Health Sciences University,,,,,
219709,Belmont University,,,,,
219718,Bethel University,,,,,
219806,Carson-Newman University,,,,,
219833,Christian Brothers University,,,,,
219903,Concorde Career College-Memphis,,,,,
219949,Cumberland University,,,,,
219976,Lipscomb University,,,,,
220075,East Tennessee State University,,,,,
220181,Fisk University,,,,,
220215,Freed-Hardeman University,,,,,
220464,John A Gupton College,,,,,
220473,Johnson University,,,,,
220516,King University,,,,,
220604,Le Moyne-Owen College,,,,,
220613,Lee University,,,,,
220631,Lincoln Memorial University,,,,,
220701,The University of Tennessee Southern,,,,,
220710,Maryville College,,,,,
220862,University of Memphis,,,,,
220978,Middle Tennessee State University,,,,,
221351,Rhodes College,,,,,
221519,The University of the South,,,,,
221661,Southern Adventist University,,,,,
221731,Tennessee Wesleyan University,,,,,
221740,The University of Tennessee-Chattanooga,,,,,
221759,The University of Tennessee-Knoxville,,,,,
221768,The University of Tennessee-Martin,,,,,
221838,Tennessee State University,,,,,
221847,Tennessee Technological University,,,,,
221892,Trevecca Nazarene University,,,,,
221953,Tusculum University,,,,,
221971,Union University,,,,,
221999,Vanderbilt University,,,,,
222178,Abilene Christian University,,,,,
222831,Angelo State University,,,,,
222983,Austin College,,,,,
223083,Baptist Health System School of Health Professions,,,,,
223117,Baptist Missionary Association Theological Seminary,,,,,
223232,Baylor University,,,,,
223472,Vet Tech Institute of Houston,,,,,
224004,Concordia University Texas,,,,,
224147,Texas A & M University-Corpus Christi,,,,,
224226,Dallas Baptist University,,,,,
224244,Dallas Christian College,,,,,
224323,University of Dallas,,,,,
224527,East Texas Baptist University,,,,,
224545,Texas A&M University-Texarkana,,,,,
224554,East Texas A&M University,,,,,
225201,Hallmark University,,,,,
225247,Hardin-Simmons University,,,,,
225399,Houston Christian University,,,,,
225414,University of Houston-Clear Lake,,,,,
225432,University of Houston-Downtown,,,,,
225502,University of Houston-Victoria,,,,,
225511,University of Houston,,,,,
225548,Howard Payne University,,,,,
225575,Huston-Tillotson University,,,,,
225627,University of the Incarnate Word,,,,,
225991,KD Conservatory College of Film and Dramatic Arts,,,,,
226091,Lamar University,,,,,
226152,Texas A & M International University,,,,,
226231,LeTourneau University,,,,,
226383,Lubbock Christian University,,,,,
226471,University of Mary Hardin-Baylor,,,,,
226587,McMurry University,,,,,
226833,Midwestern State University,,,,,
227216,University of North Texas,,,,,
227368,The University of Texas Rio Grande Valley,,,,,
227429,Paul Quinn College,,,,,
227526,Prairie View A & M University,,,,,
227757,Rice University,,,,,
227845,Saint Edward's University,,,,,
227863,University of St Thomas,,,,,
227881,Sam Houston State University,,,,,
228042,Schreiner University,,,,,
228149,St. Mary's University,,,,,
228246,Southern Methodist University,,,,,
228325,Nelson University,,,,,
228343,Southwestern University,,,,,
228431,Stephen F Austin State University,,,,,
228459,Texas State University,,,,,
228468,Southwestern Adventist University,,,,,
228501,Sul Ross State University,,,,,
228529,Tarleton State University,,,,,
228705,Texas A&M University-Kingsville,,,,,
228723,Texas A&M University-College Station,,,,,
228769,The University of Texas at Arlington,,,,,
228778,The University of Texas at Austin,,,,,
228787,The University of Texas at Dallas,,,,,
228796,The University of Texas at El Paso,,,,,
228802,The University of Texas at Tyler,,,,,
228875,Texas Christian University,,,,,
228981,Texas Lutheran University,,,,,
229018,The University of Texas Permian Basin,,,,,
229027,The University of Texas at San Antonio,,,,,
229063,Texas Southern University,,,,,
229115,Texas Tech University,,,,,
229160,Texas Wesleyan University,,,,,
229179,Texas Woman's University,,,,,
229267,Trinity University,,,,,
229780,Wayland Baptist University,,,,,
229814,West Texas A & M University,,,,,
230038,Brigham Young University,,,,,
230047,Brigham Young University-Hawaii,,,,,
230603,Southern Utah University,,,,,
230728,Utah State University,,,,,
230764,University of Utah,,,,,
230807,Westminster University,,,,,
230816,Bennington College,,,,,
230852,Champlain College,,,,,
230959,Middlebury College,,,,,
230995,Norwich University,,,,,
231059,Saint Michael's College,,,,,
231095,Sterling College,,,,,
231165,Vermont State University,,,,,
231174,University of Vermont,,,,,
231411,Advanced Technology Institute,,,,,
231420,Averett University,,,,,
231554,Bluefield University,,,,,
231581,Bridgewater College,,,,,
231624,William & Mary,,,,,
231651,Regent University,,,,,
231712,Christopher Newport University,,,,,
232025,Emory & Henry University,,,,,
232043,Eastern Mennonite University,,,,,
232089,Ferrum College,,,,,
232186,George Mason University,,,,,
232256,Hampden-Sydney College,,,,,
232265,Hampton University,,,,,
232308,Hollins University,,,,,
232423,James Madison University,,,,,
232557,Liberty University,,,,,
232566,Longwood University,,,,,
232609,University of Lynchburg,,,,,
232618,Centra College,,,,,
232681,University of Mary Washington,,,,,
232706,Marymount University,,,,,
232937,Norfolk State University,,,,,
232982,Old Dominion University,,,,,
233277,Radford University,,,,,
233295,Randolph-Macon College,,,,,
233301,Randolph College,,,,,
233338,Richard Bland College,,,,,
233374,University of Richmond,,,,,
233408,Riverside College of Health Careers,,,,,
233426,Roanoke College,,,,,
233541,Shenandoah University,,,,,
233611,Southern Virginia University,,,,,
233718,Sweet Briar College,,,,,
233897,University of Virginia's College at Wise,,,,,
233921,Virginia Polytechnic Institute and State University,,,,,
234030,Virginia Commonwealth University,,,,,
234076,University of Virginia-Main Campus,,,,,
234085,Virginia Military Institute,,,,,
234155,Virginia State University,,,,,
234164,Virginia Union University,,,,,
234173,Virginia Wesleyan University,,,,,
234207,Washington and Lee University,,,,,
234827,Central Washington University,,,,,
235024,Cornish College of the Arts,,,,,
235097,Eastern Washington University,,,,,
235167,The Evergreen State College,,,,,
235316,Gonzaga University,,,,,
236133,Northwest University,,,,,
236230,Pacific Lutheran University,,,,,
236328,University of Puget Sound,,,,,
236452,Saint Martin's University,,,,,
236577,Seattle Pacific University,,,,,
236595,Seattle University,,,,,
236939,Washington State University,,,,,
236948,University of Washington-Seattle Campus,,,,,
237011,Western Washington University,,,,,
237057,Whitman College,,,,,
237066,Whitworth University,,,,,
237136,Appalachian Bible College,,,,,
237181,Bethany College,,,,,
237215,Bluefield State University,,,,,
237312,University of Charleston,,,,,
237330,Concord University,,,,,
237358,Davis & Elkins College,,,,,
237367,Fairmont State University,,,,,
237525,Marshall University,,,,,
237561,Monongalia County Technical Education Center,,,,,
237792,Shepherd University,,,,,
237899,West Virginia State University,,,,,
237932,West Liberty University,,,,,
237950,West Virginia University Institute of Technology,,,,,
237969,West Virginia Wesleyan College,,,,,
238032,West Virginia University,,,,,
238078,Wheeling University,,,,,
238096,Wood County Technical Center-Practical Nursing,,,,,
238193,Alverno College,,,,,
238324,Bellin College,,,,,
238333,Beloit College,,,,,
238458,Carroll University,,,,,
238476,Carthage College,,,,,
238616,Concordia University-Wisconsin,,,,,
238661,Edgewood College,,,,,
238980,Lakeland University,,,,,
239017,Lawrence University,,,,,
239071,Maranatha Baptist University,,,,,
239080,Marian University,,,,,
239105,Marquette University,,,,,
239309,Milwaukee Institute of Art & Design,,,,,
239318,Milwaukee School of Engineering,,,,,
239390,Mount Mary University,,,,,
239512,Northland College,,,,,
239628,Ripon College,,,,,
239716,Saint Norbert College,,,,,
240107,Viterbo University,,,,,
240189,University of Wisconsin-Whitewater,,,,,
240268,University of Wisconsin-Eau Claire,,,,,
240277,University of Wisconsin-Green Bay,,,,,
240329,University of Wisconsin-La Crosse,,,,,
240338,Wisconsin Lutheran College,,,,,
240365,University of Wisconsin-Oshkosh,,,,,
240374,University of Wisconsin-Parkside,,,,,
240392,Herzing University-Madison,,,,,
240417,University of Wisconsin-Stout,,,,,
240426,University of Wisconsin-Superior,,,,,
240444,University of Wisconsin-Madison,,,,,
240453,University of Wisconsin-Milwaukee,,,,,
240462,University of Wisconsin-Platteville,,,,,
240471,University of Wisconsin-River Falls,,,,,
240480,University of Wisconsin-Stevens Point,,,,,
240727,University of Wyoming,,,,,
241191,Universidad Adventista de las Antillas,,,,,
241225,Universidad Central de Bayamon,,,,,
241331,Albizu University-San Juan,,,,,
241395,Pontifical Catholic University of Puerto Rico-Arecibo,,,,,
241410,Pontifical Catholic University of Puerto Rico-Ponce,,,,,
241720,Colegio Universitario de San Juan,,,,,
241766,Puerto Rico Conservatory of Music,,,,,
241836,EDP University of Puerto Rico Inc-San Sebastian,,,,,
241951,Escuela de Artes Plasticas y Diseno de Puerto Rico,,,,,
242042,Instituto Tecnologico de Puerto Rico-Recinto de Manati,,,,,
242556,Instituto Tecnologico de Puerto Rico-Recinto de Guayama,,,,,
242583,Instituto Tecnologico de Puerto Rico-Recinto de San Juan,,,,,
242617,Inter American University of Puerto Rico-San German,,,,,
242626,Inter American University of Puerto Rico-Aguadilla,,,,,
242635,Inter American University of Puerto Rico-Arecibo,,,,,
242644,Inter American University of Puerto Rico-Barranquitas,,,,,
242653,Inter American University of Puerto Rico-Metro,,,,,
242662,Inter American University of Puerto Rico-Ponce,,,,,
242680,Inter American University of Puerto Rico-Fajardo,,,,,
242699,Inter American University of Puerto Rico-Guayama,,,,,
242705,Inter American University of Puerto Rico-Bayamon,,,,,
242954,Modern Hairstyling Institute-Arecibo,,,,,
243106,University of Puerto Rico-Aguadilla,,,,,
243115,University of Puerto Rico-Arecibo,,,,,
243133,University of Puerto Rico-Bayamon,,,,,
243142,University of Puerto Rico-Carolina,,,,,
243151,University of Puerto Rico at Cayey,,,,,
243179,University of Puerto Rico-Humacao,,,,,
243188,University of Puerto Rico-Utuado,,,,,
243197,University of Puerto Rico-Mayaguez,,,,,
243212,University of Puerto Rico at Ponce,,,,,
243221,University of Puerto Rico-Rio Piedras,,,,,
243443,Universidad del Sagrado Corazon,,,,,
243568,Universidad Central Del Caribe,,,,,
243586,Pontifical Catholic University of Puerto Rico-Mayaguez,,,,,
243638,College of Micronesia-FSM,,,,,
243665,University of the Virgin Islands,,,,,
243744,Stanford University,,,,,
243780,Purdue University-Main Campus,,,,,
243832,EDP University of Puerto Rico Inc-San Juan,,,,,
244233,City College-Hollywood,,,,,
244437,Georgia State University-Perimeter College,,,,,
245652,St. John's College,,,,,
245777,Bais Medrash Elyon,,,,,
245953,Mid-America Christian University,,,,,
246071,Career Technology Center of Lackawanna County,,,,,
247649,Landmark College,,,,,
247773,Yeshiva Gedolah of Greater Detroit,,,,,
248633,Franklin County Career and Technology Center,,,,,
248934,ECPI University,,,,,
250027,Laurel Business Institute,,,,,
260363,Greene County Career and Technology Center,,,,,
262129,New College of Florida,,,,,
262466,Dr. Ida Rolf Institute,,,,,
363934,University of Advancing Technology,,,,,
365213,Autry Technology Center,,,,,
365383,Wilkes-Barre Area Career and Technical Center Practical Nursing,,,,,
365763,Morris County Vocational School District,,,,,
366261,Commonwealth Institute of Funeral Service,,,,,
366711,California State University-San Marcos,,,,,
367972,Capital Area Career Center,,,,,
368452,Nossi College of Art and Design,,,,,
369455,Worsham College of Mortuary Science,,,,,
369668,Central Pennsylvania Institute of Science and Technology,,,,,
373711,Upper Cape Cod Regional Technical School,,,,,
375966,Eastern Center for Arts and Technology,,,,,
377218,School of Automotive Machinists & Technology,,,,,
377546,Northwest College of Art & Design,,,,,
377555,University of Washington-Bothell Campus,,,,,
377564,University of Washington-Tacoma Campus,,,,,
379621,Madison Oneida BOCES-Practical Nursing Program,,,,,
382416,Greater Lowell Technical School,,,,,
383084,Hacienda La Puente Adult Education,,,,,
384254,Beacon College,,,,,
384421,Rabbi Jacob Joseph School,,,,,
385619,Everglades University,,,,,
386153,Seminar L'moros Bais Yaakov,,,,,
386472,Herzing University-Orlando,,,,,
392354,"School of Professional Horticulture, New York Botanical Garden",,,,,
399869,Southern California Institute of Technology,,,,,
399911,Soka University of America,,,,,
405058,Yeshivas Novominsk,,,,,
406422,Central Susquehanna Intermediate Unit LPN Career,,,,,
407610,Pacific Bible College,,,,,
409698,California State University-Monterey Bay,,,,,
414878,Trine University-Regional/Non-Traditional Campuses,,,,,
417327,City College-Altamonte Springs,,,,,
417442,Career Center of Southern Illinois,,,,,
417628,Kirksville Area Technical Center,,,,,
417646,Saline County Career Center,,,,,
417655,Warrensburg Area Career Center,,,,,
417682,Cass Career Center,,,,,
417716,Applied Tech,,,,,
417734,Southeast Missouri Hospital College of Nursing and Health Sciences,,,,,
417752,Messenger College,,,,,
417868,Clinton Essex Warren Washington BOCES,,,,,
417992,Orange Ulster BOCES,,,,,
418010,Broome Delaware Tioga BOCES-Practical Nursing Program,,,,,
418029,Washington Saratoga Warren Hamilton Essex BOCES-Practical Nursing Program,,,,,
418065,Eastern Suffolk BOCES,,,,,
418427,Chester County Intermediate Unit,,,,,
418445,Jefferson County Dubois Area Vocational Technical Practical Nursing Program,,,,,
418524,Venango County Area Vocational Technical School,,,,,
418588,Northern Tier Career Center,,,,,
419217,HCA Florida Mercy Hospital School of Practical Nursing,,,,,
420325,Yeshiva D'monsey Rabbinical College,,,,,
421708,Arizona College of Nursing-Tempe,,,,,
421841,New York Conservatory for Dramatic Arts,,,,,
421878,Eastern International College-Jersey City,,,,,
422695,Pacific College,,,,,
426314,Embry-Riddle Aeronautical University-Worldwide,,,,,
428170,Southeastern College-West Palm Beach,,,,,
430670,San Juan Bautista School of Medicine,,,,,
430883,Cayuga Onondaga BOCES-Practical Nursing Program,,,,,
430971,Delaware County Technical School-Practical Nursing Program,,,,,
431266,Henrico County-Saint Marys Hospital School of Practical Nursing,,,,,
431600,UPMC Mercy School of Nursing,,,,,
431983,Yeshiva of the Telshe Alumni,,,,,
433004,American University of Health Sciences,,,,,
433040,Monty Tech,,,,,
433174,Carolinas College of Health Sciences,,,,,
433536,Herzing University-New Orleans,,,,,
433660,Florida Gulf Coast University,,,,,
436818,University of Connecticut-Waterbury Campus,,,,,
436827,University of Connecticut-Avery Point,,,,,
436836,University of Connecticut-Stamford,,,,,
437237,IYRS School of Technology & Trades,,,,,
438337,Modern Hairstyling Institute-Carolina,,,,,
439455,MDT College of Health Sciences,,,,,
439701,The King's University,,,,,
439862,Pacific Islands University,,,,,
440396,New Saint Andrews College,,,,,
440828,Oregon State University-Cascades Campus,,,,,
441487,Texas County Technical College,,,,,
441609,Yeshiva Shaarei Torah of Rockland,,,,,
441636,American Institute of Alternative Medicine,,,,,
441742,Concorde Career College-Grand Prairie,,,,,
441858,Eastern Virginia Career College,,,,,
441900,Nevada State University,,,,,
441937,California State University-Channel Islands,,,,,
441982,Franklin W Olin College of Engineering,,,,,
442356,Saint Joseph's University - Lancaster,,,,,
442426,St Louis College of Health Careers-Fenton,,,,,
442523,Alaska Christian College,,,,,
443058,Family of Faith Christian University,,,,,
443261,Southeastern College-Charleston,,,,,
443410,DigiPen Institute of Technology,,,,,
443599,American College of Healthcare Sciences,,,,,
444413,Beis Medrash Heichal Dovid,,,,,
444510,CES College,,,,,
444866,Southeastern College-Columbia,,,,,
445188,University of California-Merced,,,,,
445267,Central Methodist University-College of Graduate and Extended Studies,,,,,
445692,Neumont College of Computer Science,,,,,
445708,Johnson & Wales University-Charlotte,,,,,
446048,Ave Maria University,,,,,
446233,Ecclesia College,,,,,
446303,Healthcare Training Institute,,,,,
446385,Los Angeles College of Music,,,,,
446561,Stanbridge University,,,,,
446640,Harrisburg University of Science and Technology,,,,,
447263,Joyce University of Nursing and Health Sciences,,,,,
447689,Georgia Gwinnett College,,,,,
447953,SUM Bible College and Theological Seminary,,,,,
449384,Gnomon,,,,,
449506,SABER College,,,,,
449612,Louisiana Culinary Institute,,,,,
449658,Bais Medrash Toras Chesed,,,,,
449764,Visible Music College,,,,,
449861,Milwaukee Career College,,,,,
449870,University of the West,,,,,
451237,Z Hair Academy,,,,,
451352,Southeastern College-Charlotte,,,,,
451370,Yeshivas Be'er Yitzchok,,,,,
451398,Yeshiva Toras Chaim,,,,,
451404,Talmudical Seminary of Bobov,,,,,
451413,Center for Allied Health Education,,,,,
451927,Patrick Henry College,,,,,
452106,Escuela De Troqueleria Y Herramentaje,,,,,
454227,Chamberlain University-Illinois,,,,,
454236,Chamberlain University-Ohio,,,,,
454245,Chamberlain University-Arizona,,,,,
455196,Jersey College,,,,,
455257,Yeshiva of Machzikai Hadas,,,,,
455664,The Chicago School at Los Angeles,,,,,
455770,Providence Christian College,,,,,
456959,University of Minnesota-Rochester,,,,,
457129,Chamberlain University-Florida,,,,,
457624,Southern Worcester County Regional Vocational School District,,,,,
457800,New York Medical Career Training Center,,,,,
457925,Portland Actors Conservatory,,,,,
459736,Touro University California,,,,,
459842,Herzing University-Kenosha,,,,,
459851,Herzing University-Brookfield,,,,,
459949,Texas A&M University-San Antonio,,,,,
460181,Concorde Career College-Dallas,,,,,
460190,Concorde Career Institute-Orlando,,,,,
460206,Concorde Career College-San Antonio,,,,,
460349,Johnson & Wales University-Online,,,,,
460871,Chamberlain University-Virginia,,,,,
461528,Manna University,,,,,
461759,Simmons College of Kentucky,,,,,
461847,Keser Torah-Mayan Hatalmud,,,,,
462354,John Paul the Great Catholic University,,,,,
463056,University of Connecticut-Hartford Campus,,,,,
464226,Ottawa University-Surprise,,,,,
466921,Chamberlain University-Missouri,,,,,
466930,Chamberlain University-Texas,,,,,
475200,Whitworth University-Adult Degree Programs,,,,,
475422,Finger Lakes Health College of Nursing & Health Sciences,,,,,
475608,Criswell College,,,,,
475705,Annenberg School of Nursing,,,,,
475732,Chamberlain University-Georgia,,,,,
475741,Chamberlain University-Indiana,,,,,
476601,Bais HaMedrash and Mesivta of Baltimore,,,,,
476683,Athena Career Academy,,,,,
476692,Yeshiva Gedolah Zichron Leyma,,,,,
476939,FVI School of Nursing and Technology,,,,,
476975,Colorado State University Global,,,,,
477233,Evangel University-James River Assembly of God Church,,,,,
479956,Pennsylvania State University-World Campus,,,,,
479992,Brand College,,,,,
480198,Warner Pacific University Professional and Graduate Studies,,,,,
480569,Florida Institute of Technology-Online,,,,,
480781,California Miramar University,,,,,
480985,Midwives College of Utah,,,,,
481182,Ukiah Adult School,,,,,
481225,Mid-South Christian College,,,,,
481289,Xavier College School of Nursing,,,,,
481410,Yeshiva Gedolah Kesser Torah,,,,,
481438,Yeshiva Yesodei Hatorah,,,,,
481456,Bonnie Joseph Academy of Cosmetology & Barbering,,,,,
482149,Augusta University,,,,,
482158,Middle Georgia State University,,,,,
482185,Academy of Interactive Entertainment,,,,,
482228,Veritas Baptist College,,,,,
482413,DeVry College of New York,,,,,
482431,DeVry University-California,,,,,
482468,DeVry University-Georgia,,,,,
482477,DeVry University-Illinois,,,,,
482556,DeVry University-New Jersey,,,,,
482574,DeVry University-Ohio,,,,,
482680,University of North Georgia,,,,,
482936,Florida Polytechnic University,,,,,
483018,Antioch College,,,,,
483036,Texas A&M University-Central Texas,,,,,
483124,Arizona State University Digital Immersion,,,,,
483780,Washington University of Science and Technology,,,,,
483814,Standard Healthcare Services-College of Nursing,,,,,
483948,Bos-Man's Barber College,,,,,
484075,First Coast Barber Academy,,,,,
484473,University of Florida-Online,,,,,
484844,Minerva University,,,,,
484905,University of North Texas at Dallas,,,,,
485360,The Vocational Nursing Institute Inc,,,,,
485698,American College of the Building Arts,,,,,
485856,Studio Incamminati,,,,,
485999,Bet Medrash Gadol Ateret Torah,,,,,
486017,Yeshiva Ohr Yisrael,,,,,
486026,Yeshiva Sholom Shachna,,,,,
486196,Beth Medrash Meor Yitzchok,,,,,
486284,Bethany Global University,,,,,
486424,Saint Michael College of Allied Health,,,,,
486488,California Jazz Conservatory,,,,,
486512,Florida International Training Institute,,,,,
486840,Kennesaw State University,,,,,
486901,Milligan University,,,,,
486938,Chamberlain University-Nevada,,,,,
486947,Chamberlain University-Michigan,,,,,
486956,Chamberlain University-New Jersey,,,,,
487092,Emory University-Oxford College,,,,,
487375,Arizona College of Nursing-Las Vegas,,,,,
487524,Husson University,,,,,
487588,Concorde Career College-Southaven,,,,,
487658,Academy of Interactive Entertainment,,,,,
487746,Yeshiva Zichron Aryeh,,,,,
487861,Felbry College,,,,,
487977,Martinsburg College,,,,,
488305,Elim Bible Institute and College,,,,,
488314,Beth Medrash of Asbury Park,,,,,
488350,Yeshiva Gedolah Shaarei Shmuel,,,,,
488420,Indiana Wellness College,,,,,
488563,California College of Music,,,,,
488590,Christian Culinary Academy,,,,,
488776,John Patrick University of Health and Applied Sciences,,,,,
489344,Chamberlain University-North Carolina,,,,,
489353,Chamberlain University-California,,,,,
489937,Carolina University,,,,,
490133,Westcliff University,,,,,
490160,Sacramento Ultrasound Institute,,,,,
490203,Bolivar Technical College,,,,,
490319,Yeshiva Bais Aharon,,,,,
490382,Harmony Health Care Institute,,,,,
490498,Digital Media Institute,,,,,
490504,Yeshiva Ohr Naftoli,,,,,
490513,Bais Medrash Mayan Hatorah,,,,,
490805,Purdue University Northwest,,,,,
491057,Yeshiva Kollel Tifereth Elizer,,,,,
491251,The Culinary School of Fort Worth,,,,,
491288,University of Wisconsin-Milwaukee Flex,,,,,
491446,Bnos Zion Of Bobov Seminary,,,,,
491525,Union Bible College,,,,,
491613,Yeshiva Gedolah Tiferes Boruch,,,,,
491622,Yeshiva Chemdas Hatorah,,,,,
491631,Women's Institute of Torah Seminary and College,,,,,
491640,Yeshiva Gedolah Keren Hatorah,,,,,
491710,Yeshiva Gedolah of Cliffwood,,,,,
491765,Yeshivas Emek Hatorah,,,,,
491817,Seminary Bnos Chaim,,,,,
491914,Yeshiva Gedola Tiferes Yerachmiel,,,,,
492023,Americare Technical School,,,,,
492476,EDP University of Puerto Rico-Villalba,,,,,
492759,Chamberlain University-Louisiana,,,,,
493594,Yeshiva of Ocean,,,,,
493619,Young Americans College of the Performing Arts,,,,,
493646,Ohel Margulia Seminary,,,,,
493664,Yeshivat Hechal Shemuel,,,,,
493673,Professional University Dr. Carlos J. Borrero Rios,,,,,
493707,Yeshiva Gedolah of Woodlake Village,,,,,
493716,Yeshiva Gedola Tiferes Yaakov Yitzchok,,,,,
493798,New York Seminary,,,,,
493813,Falcon Institute of Health and Science,,,,,
494162,Arizona College of Nursing-Dallas,,,,,
494278,EDP University of Puerto Rico-Humacao,,,,,
494287,EDP University of Puerto Rico-Manati,,,,,
494463,Derech Hachaim Seminary,,,,,
494542,Sattler College,,,,,
494603,The Southwestern Baptist Theological Seminary,,,,,
494630,Christ Mission College,,,,,
494685,Urshan University,,,,,
494807,Ponce Health Sciences University-East,,,,,
495031,Bais Medrash of Dexter Park,,,,,
495420,Arizona College of Nursing-Tampa,,,,,
495448,Arizona College of Nursing-Tucson,,,,,
495457,Arizona College of Nursing-Phoenix,,,,,
496478,Motion Picture Institute,,,,,
496618,National Institute for Medical Assistant Advancement (NIMAA),,,,,
496627,California Northstate University,,,,,
496681,Florida Academy of Nursing,,,,,
496973,Herzing University-Tampa,,,,,
497037,Abilene Christian University-Undergraduate Online,,,,,
497107,University of Silicon Andhra,,,,,
497213,Great Northern University,,,,,
497268,Arizona College of Nursing-Salt Lake City,,,,,
497374,Academia Medical Institute,,,,,
497462,Redeemers University North America,,,,,
497480,Reach University,,,,,
497657,Hawaii Tokai International College,,,,,
497824,Evangel University-College of Online Learning,,,,,
497833,Marian University-Ancilla,,,,,
497912,Concorde Career College-Broadway,,,,,
498049,Arizona College of Nursing-Southfield,,,,,
498340,Chancellor Institute,,,,,
498447,Arizona College of Nursing-Falls Church,,,,,
498456,Arizona College of Nursing-Ontario,,,,,
498562,Commonwealth University of Pennsylvania,,,,,
498571,Pennsylvania Western University,,,,,
499149,Herzing University-Nashville,,,,,
499370,Arizona College of Nursing-Sarasota,,,,,
499389,Arizona College of Nursing-Aurora,,,,,
499398,Arizona College of Nursing-Cincinnati,,,,,
499404,Arizona College of Nursing-Cleveland,,,,,
499635,EDP University of Puerto Rico-Caguas,,,,,
499769,Portland Fashion Institute,,,,,
499866,Atlantic Acting School,,,,,
499875,Mosdos Yaakov V'Yisroel,,,,,
499936,Petra College,,,,,
500290,Arizona College of Nursing - Chesapeake,,,,,
500306,Arizona College of Nursing - Hartford,,,,,
500333,Arizona College of Nursing-St Louis,,,,,
500342,EDvance College,,,,,
500449,New Orleans Culinary and Hospitality Institute,,,,,
